Code,Lat,Long,Cluster
100001,12.914194,77.678944,ORR
100002,12.928931,77.669496,ORR
100003,12.929655,77.684501,ORR
100004,12.937127,77.69327,ORR
100005,12.9520441,77.7000248,ORR
100006,12.9479476,77.6989445,ORR
100007,12.951038,77.69955,ORR
100008,12.92691667,77.67129167,ORR
100009,12.923909,77.672509,ORR
100010,12.931539,77.677637,ORR
100011,12.933882,77.721609,ORR
100012,12.917251,77.716801,ORR
100013,12.910995,77.697877,ORR
100014,12.909607,77.696899,ORR
100015,12.932003,77.696366,ORR
100016,12.912663,77.711207,ORR
100017,12.9395049,77.68981397,ORR
100018,12.97686,77.72153,Whitefield
100019,12.924401,77.667042,ORR
100020,12.914336,77.715995,ORR
100021,12.910884,77.70658,ORR
100022,12.905877,77.699807,ORR
100023,12.977788,77.675304,Indiranagar
100024,12.972723,77.678026,Indiranagar
100025,12.930554,77.703173,ORR
100026,12.930671,77.704042,ORR
100027,12.929912,77.704185,ORR
100028,12.973177,77.6756151,Indiranagar
100029,12.98248,77.75731,Whitefield
100030,12.918273,77.675061,ORR
100031,12.98299,77.75518,Whitefield
100032,13.0767589,77.6410164,Bhartiya City
100033,13.08489,77.64562,Bhartiya City
100034,13.08292,77.64266,Bhartiya City
100035,12.909444,77.683961,ORR
100036,12.98903,77.71561,Whitefield
100037,12.947884,77.708362,ORR
100038,12.97205,77.75033,Whitefield
100039,12.97914,77.70147,Whitefield
100040,12.979461,77.699414,Whitefield
100041,12.99718,77.74328,Whitefield
100042,12.98844,77.71614,Whitefield
100043,12.934027,77.686392,ORR
100044,12.916551,77.676115,ORR
100045,12.976411,77.626887,Indiranagar
100046,12.964836,77.64926,Indiranagar
100048,12.951333,77.639724,Indiranagar
100049,12.9717168,77.6654562,Indiranagar
100050,12.9761403,77.6752735,Indiranagar
100051,12.92001,77.66566,ORR
100052,12.895692,77.7058,ORR
100053,12.911481,77.676569,ORR
100054,12.910332,77.679649,ORR
100055,12.908833,77.681162,ORR
100056,12.99566,77.76136,Whitefield
100057,12.97839167,77.69793167,Whitefield
100058,12.978488,77.698313,Whitefield
100059,12.9754518,77.6995627,Whitefield
100060,12.976345,77.70123167,Whitefield
100061,12.97431,77.75885,Whitefield
100062,12.97468,77.75862,Whitefield
100063,12.97944,77.76705,Whitefield
100064,12.907455,77.680263,ORR
100065,12.956451,77.6487,Indiranagar
100066,12.959365,77.652383,Indiranagar
100067,12.98032,77.76637,Whitefield
100068,12.97894,77.76817,Whitefield
100069,12.938023,77.687397,ORR
100070,12.98028,77.76603,Whitefield
100071,12.97859,77.70312,Whitefield
100072,12.9757285,77.6971505,Whitefield
100073,13.0139652,77.7614075,Whitefield
100074,12.910082,77.67808,ORR
100075,13.013943,77.7614078,Whitefield
100076,12.9598772,77.7012466,Whitefield
100077,12.960502,77.700955,Whitefield
100078,12.968617,77.749607,Whitefield
100079,12.956047,77.693562,Indiranagar
100080,12.93141,77.68652,ORR
100081,12.9521049,77.7122216,ORR
100082,12.978807,77.66635,Indiranagar
100083,12.9587893,77.746246,Whitefield
100084,12.95587775,77.72823863,Whitefield
100085,12.910518,77.680804,ORR
100086,12.928816,77.671779,ORR
100087,12.95585,77.72562,Whitefield
100088,12.9558379,77.7128367,Whitefield
100089,12.9904044,77.7236048,Whitefield
100090,12.98911929,77.72802005,Whitefield
100091,12.9870819,77.7317456,Whitefield
100092,12.986192,77.731546,Whitefield
100093,12.976127,77.72704,Whitefield
100094,12.976376,77.7269803,Whitefield
100095,12.99472667,77.76661333,Whitefield
100096,12.96424786,77.74859716,Whitefield
100097,13.00692,77.752936,Whitefield
100098,12.9567822,77.7384439,Whitefield
100099,12.963714,77.711419,Whitefield
100100,12.96272,77.713333,Whitefield
100101,12.962848,77.716922,Whitefield
100102,12.992082,77.71517,Whitefield
100103,12.9797547,77.7518117,Whitefield
100104,12.958616,77.665428,Indiranagar
100105,12.933754,77.68961,ORR
100106,12.948743,77.71311,ORR
100107,12.906114,77.675621,ORR
100108,12.907056,77.675737,ORR
100109,12.910031,77.674927,ORR
100110,12.906869,77.697056,ORR
100111,12.906861,77.696421,ORR
100112,12.982193,77.752164,Whitefield
100113,12.955682,77.716547,Whitefield
100114,12.955896,77.722395,Whitefield
100115,12.981156,77.693103,Whitefield
100116,12.990195,77.717187,Whitefield
100117,12.99123,77.7484,Whitefield
100118,13.02765,77.76548,Whitefield
100119,12.98345,77.76782,Whitefield
100120,12.97863,77.7247,Whitefield
100121,12.985244,77.727277,Whitefield
100122,12.982122,77.72595,Whitefield
100123,12.982122,77.72595,Whitefield
100124,12.904044,77.696494,ORR
100125,12.90334,77.696012,ORR
100126,12.902341,77.685282,ORR
100127,12.967485,77.715152,Whitefield
100128,12.98039,77.72386,Whitefield
100129,12.977677,77.713652,Whitefield
100130,12.903613,77.682512,ORR
100131,12.904481,77.684205,ORR
100132,12.908631,77.683687,ORR
100133,12.895154,77.709465,ORR
100134,12.914897,77.701969,ORR
100135,12.917674,77.698277,ORR
100136,12.918694,77.697198,ORR
100137,12.923872,77.695114,ORR
100138,12.92864,77.694763,ORR
100139,12.96027,77.7207,Whitefield
100140,12.97672,77.7509,Whitefield
100141,12.96397,77.73309,Whitefield
100142,12.96532694,77.71647815,Whitefield
100143,12.97214,77.71754,Whitefield
100144,12.98509716,77.73791201,Whitefield
100145,12.98358615,77.73772057,Whitefield
100146,12.98393475,77.73871332,Whitefield
100147,12.98241667,77.73787167,Whitefield
100148,12.98179483,77.73722235,Whitefield
100149,12.9848456,77.73707181,Whitefield
100150,12.98490167,77.73428167,Whitefield
100151,12.98471167,77.73396,Whitefield
100152,12.96747321,77.73096878,Whitefield
100153,12.97325391,77.7168389,Whitefield
100154,12.99616952,77.71962941,Whitefield
100155,12.97698108,77.73351755,Whitefield
100156,12.99028,77.71407,Whitefield
100157,12.98926,77.689,Whitefield
100158,12.989538,77.71709,Whitefield
100159,12.97420956,77.71798287,Whitefield
100160,12.98082973,77.71767743,Whitefield
100161,12.98092513,77.71413188,Whitefield
100162,12.97901454,77.74223104,Whitefield
100163,12.95690472,77.73648642,Whitefield
100164,12.99174449,77.71369334,Whitefield
100165,12.974498,77.721441,Whitefield
100166,12.956151,77.710407,Whitefield
100167,12.982074,77.708584,Whitefield
100168,12.967081,77.71748,Whitefield
100169,12.931026,77.695039,ORR
100170,12.96550886,77.72205317,Whitefield
100171,12.991619,77.690577,Whitefield
100172,12.988399,77.707067,Whitefield
100173,12.990287,77.706495,Whitefield
100174,12.959229,77.656358,Indiranagar
100175,12.933917,77.696872,ORR
100176,12.932212,77.687294,ORR
100177,12.935449,77.690969,ORR
100178,12.896129,77.708433,ORR
100179,12.9323792,77.6849399,ORR
100180,12.89887456,77.67643645,ORR
100181,12.89887489,77.67387427,ORR
100182,12.919755,77.670423,ORR
100183,12.992791,77.707962,Whitefield
100184,12.982023,77.695472,Whitefield
100185,12.914424,77.67735,ORR
100186,12.9589318,77.6542036,Indiranagar
100187,12.9529733,77.6527759,Indiranagar
100188,12.955095,77.650103,Indiranagar
100189,12.954562,77.681179,Indiranagar
100190,12.962293,77.681675,Indiranagar
100191,12.960565,77.669388,Indiranagar
100192,12.95934,77.66626,Indiranagar
100193,12.928031,77.6193,Koramangala
100194,12.963857,77.665271,Indiranagar
100195,12.967217,77.662471,Indiranagar
100196,12.959791,77.647745,Indiranagar
100197,12.974788,77.670346,Indiranagar
100198,12.973961,77.672916,Indiranagar
100199,12.993408,77.663825,Indiranagar
100200,12.983161,77.680316,Indiranagar
100201,12.980461,77.679786,Indiranagar
100202,12.975809,77.679012,Indiranagar
100203,12.966923,77.682536,Indiranagar
100204,12.991232,77.663779,Indiranagar
100205,12.985092,77.666644,Indiranagar
100206,12.978397,77.638636,Indiranagar
100207,12.985798,77.644559,Indiranagar
100208,12.96997167,77.62844436,Indiranagar
100209,12.97265797,77.62643304,Indiranagar
100210,12.959909,77.6410752,Indiranagar
100211,12.980062,77.640897,Indiranagar
100212,12.97451896,77.64691673,Indiranagar
100213,12.991552,77.658151,Indiranagar
100214,12.968877,77.626601,Indiranagar
100215,12.973323,77.62638,Indiranagar
100216,12.98717367,77.67031632,Indiranagar
100217,12.9593505,77.652928,Indiranagar
100218,12.929731,77.615686,Koramangala
100219,12.9319638,77.6129111,Koramangala
100220,12.936491,77.6057156,Koramangala
100221,12.9369222,77.6023818,Koramangala
100222,12.937302,77.602082,Koramangala
100223,12.937302,77.602082,Koramangala
100224,12.9356967,77.6114905,Koramangala
100225,12.9374369,77.6104971,Koramangala
100226,12.9370447,77.6109725,Koramangala
100227,12.93583467,77.61707347,Koramangala
100228,12.9163076,77.632169,Koramangala
100229,12.917371,77.623943,Koramangala
100230,12.937597,77.626586,Koramangala
100231,12.94107041,77.62095865,Koramangala
100232,12.94252808,77.62261022,Koramangala
100233,12.935417,77.628481,Koramangala
100234,12.8979366,77.66498376,Koramangala
100235,12.89595444,77.66405605,Koramangala
100236,12.89464333,77.66357333,Koramangala
100237,12.89428733,77.66327821,Koramangala
100238,12.9134547,77.6510775,Koramangala
100239,12.93233432,77.63191044,Koramangala
100240,12.89944681,77.65403666,Koramangala
100241,12.92533281,77.63707805,Koramangala
100242,12.9195644,77.64544755,Koramangala
100243,12.929995,77.633048,Koramangala
100244,12.93798,77.620522,Koramangala
100245,12.91196972,77.64169279,Koramangala
100246,12.92262476,77.65146241,Koramangala
100247,12.95446,77.682689,Indiranagar
100248,12.999931,77.676426,Indiranagar
100249,12.989582,77.674849,Indiranagar
100250,12.9807785,77.6288344,Indiranagar
100251,12.969534,77.675734,Indiranagar
100252,12.968116,77.674168,Indiranagar
100253,12.968346,77.639089,Indiranagar
100254,12.990905,77.669891,Indiranagar
100255,12.971458,77.681824,Indiranagar
100256,12.990029,77.653547,Indiranagar
100257,12.984349,77.640999,Indiranagar
100258,12.96265,77.64912,Indiranagar
100259,12.981197,77.681291,Indiranagar
100260,12.9842314,77.676012,Indiranagar
100261,12.978187,77.638795,Indiranagar
100262,12.902108,77.706823,ORR
100263,12.9677155,77.7146219,Whitefield
100264,12.95597183,77.72868654,Whitefield
100265,12.98615012,77.76748002,Whitefield
100266,12.97582745,77.74329454,Whitefield
100267,12.96772055,77.73748387,Whitefield
100268,12.96783392,77.73750868,Whitefield
100269,12.97932556,77.75267456,Whitefield
100270,12.95449762,77.71575697,Whitefield
100271,12.95741149,77.70991042,Whitefield
100272,13.00623653,77.7511286,Whitefield
100273,12.98911929,77.72802005,Whitefield
100274,12.9727109,77.73437787,Whitefield
100275,12.95601228,77.7203992,Whitefield
100276,13.0072968,77.75792759,Whitefield
100277,13.0040771,77.7570606,Whitefield
100278,12.95821219,77.71587939,Whitefield
100279,12.9558914,77.7206871,Whitefield
100280,12.997283,77.6903694,Whitefield
100281,12.947855,77.646617,Indiranagar
100282,12.9722813,77.7503299,Whitefield
100283,12.931765,77.683172,ORR
100284,12.955302,77.688319,Indiranagar
100285,12.97480451,77.65358202,Indiranagar
100286,12.99044707,77.72368275,Whitefield
100287,12.97480451,77.65358202,Indiranagar
100288,12.9811877,77.7519417,Whitefield
100289,12.935197,77.694601,ORR
100290,12.9277727,77.6923468,ORR
100291,12.93547523,77.74437346,ORR
100292,12.93550104,77.74385042,ORR
100293,12.93550104,77.74385042,ORR
100294,12.92080258,77.6921307,ORR
100295,12.94793032,77.67771251,ORR
100296,12.90506666,77.64887743,Koramangala
100297,12.91763,77.65248,Koramangala
100298,12.98067357,77.64061153,Indiranagar
100299,12.9936797,77.6619374,Indiranagar
100300,12.968026,77.69337,Indiranagar
100301,12.970997,77.689116,Indiranagar
100302,12.971348,77.69207,Indiranagar
100303,12.9815844,77.6671143,Indiranagar
100304,12.952717,77.640541,Indiranagar
100305,12.952178,77.640221,Indiranagar
100306,12.981855,77.673526,Indiranagar
100307,12.968593,77.633049,Indiranagar
100308,12.978627,77.644158,Indiranagar
100309,12.95800256,77.64833227,Indiranagar
100310,12.988839,77.679466,Indiranagar
100311,12.951544,77.639582,Indiranagar
100312,12.955921,77.691761,Indiranagar
100313,12.954651,77.682888,Indiranagar
100314,12.97863,77.645377,Indiranagar
100315,12.983296,77.638818,Indiranagar
100316,12.969674,77.647542,Indiranagar
100317,12.970395,77.645018,Indiranagar
100318,12.970239,77.640428,Indiranagar
100319,12.914219,77.676318,ORR
100320,12.915259,77.673246,ORR
100321,12.915259,77.673246,ORR
100322,12.908221,77.674501,ORR
100323,12.9367921,77.6868941,ORR
100324,12.92300579,77.66963638,ORR
100325,12.9234839,77.6735931,ORR
100326,12.933407,77.689172,ORR
100327,12.9323895,77.6936836,ORR
100328,12.919993,77.670551,ORR
100329,12.91607623,77.68301759,ORR
100330,12.9130488,77.68420413,ORR
100331,12.91891507,77.68407639,ORR
100332,12.951487,77.717502,ORR
100333,12.90882557,77.6847114,ORR
100334,12.95158795,77.70479143,ORR
100335,12.91125141,77.6795914,ORR
100336,12.9877182,77.73402015,Whitefield
100337,12.9559263,77.7180559,Whitefield
100338,12.98853082,77.72980406,Whitefield
100339,12.95620197,77.70924946,Whitefield
100340,12.99545625,77.69649561,Whitefield
100341,12.98444,77.7525422,Whitefield
100342,12.97361779,77.71119402,Whitefield
100343,12.95620197,77.70924946,Whitefield
100344,12.92995998,77.67755426,ORR
100345,12.96758385,77.71555678,Whitefield
100346,13.0012399,77.7576538,Whitefield
100347,12.9557,77.7161675,Whitefield
100348,12.95661287,77.70890355,Whitefield
100349,12.9564943,77.7091928,Whitefield
100350,12.9848435,77.7488263,Whitefield
100351,12.915789,77.648907,Koramangala
100352,12.91803339,77.65167262,Koramangala
100353,12.91338246,77.63807081,Koramangala
100354,12.9096474,77.6517476,Koramangala
100355,12.92597166,77.67027307,ORR
100356,12.92597166,77.67027307,ORR
100357,12.92597166,77.67027307,ORR
100358,12.95589738,77.70099375,ORR
100359,12.934378,77.697737,ORR
100360,12.937874,77.703185,ORR
100361,12.915835,77.69775,ORR
100362,12.934494,77.701745,ORR
100363,12.936058,77.700633,ORR
100364,12.939068,77.698778,ORR
100365,12.95139223,77.71507267,ORR
100366,12.95014928,77.7162116,ORR
100367,12.90403852,77.67424475,ORR
100368,12.95180459,77.70418726,ORR
100369,12.910027,77.68678,ORR
100370,12.91547167,77.69110948,ORR
100371,12.92336394,77.67024323,ORR
100372,12.95261982,77.69974921,ORR
100373,12.9197987,77.6937729,ORR
100374,12.97005,77.638831,Indiranagar
100375,12.96496558,77.65698172,Indiranagar
100376,12.952904,77.657735,Indiranagar
100377,12.9609468,77.6371672,Indiranagar
100378,12.9895501,77.6538499,Indiranagar
100379,12.93040276,77.68562671,ORR
100380,12.9305,77.68683,ORR
100381,12.95593314,77.71240797,Whitefield
100382,12.9571021,77.71061382,Whitefield
100383,12.977865,77.740891,Whitefield
100384,12.96602766,77.7082209,Whitefield
100385,12.988686,77.683625,Indiranagar
100386,12.97274749,77.69251026,Indiranagar
100387,12.960031,77.647531,Indiranagar
100388,12.959055,77.660053,Indiranagar
100389,12.95258,77.652695,Indiranagar
100390,12.986565,77.648125,Indiranagar
100391,12.955618,77.653238,Indiranagar
100392,12.957457,77.653711,Indiranagar
100393,12.959569,77.650165,Indiranagar
100394,12.959287,77.645692,Indiranagar
100395,12.9305,77.687034,ORR
100396,12.981487,77.696483,Whitefield
100397,12.92932762,77.6842149,ORR
100398,12.929637,77.686864,ORR
100399,12.960111,77.645194,Indiranagar
100400,12.960261,77.644089,Indiranagar
100401,12.98268,77.69717,Whitefield
100402,12.973374,77.652257,Indiranagar
100403,12.973374,77.652257,Indiranagar
100404,12.98268,77.69801,Whitefield
100405,12.98346,77.69466,Whitefield
100406,12.98607,77.69447,Whitefield
100407,12.970606,77.652192,Indiranagar
100408,12.967725,77.654721,Indiranagar
100409,12.967423,77.656519,Indiranagar
100410,12.97134,77.6557526,Indiranagar
100411,12.97446734,77.694881,Indiranagar
100412,12.959254,77.657873,Indiranagar
100413,12.956545,77.695542,Indiranagar
100414,12.96767742,77.65036572,Indiranagar
100415,12.95712984,77.65582066,Indiranagar
100416,12.985707,77.664068,Indiranagar
100417,12.9591694,77.6568195,Indiranagar
100418,12.91616,77.63756,Koramangala
100419,12.914536,77.633566,Koramangala
100420,12.914536,77.633566,Koramangala
100421,12.914536,77.633566,Koramangala
100422,12.914536,77.633566,Koramangala
100423,12.914536,77.633566,Koramangala
100424,12.914536,77.633566,Koramangala
100425,12.914536,77.633566,Koramangala
100426,12.914536,77.633566,Koramangala
100427,12.914536,77.633566,Koramangala
100428,12.914551,77.633547,Koramangala
100429,12.90927,77.64107,Koramangala
100430,12.91316,77.64618,Koramangala
100431,12.987581,77.693828,Whitefield
100432,12.972608,77.705344,Whitefield
100433,12.98649,77.69562,Whitefield
100434,12.98193,77.69364,Whitefield
100435,12.939218,77.720656,ORR
100436,12.918863,77.685119,ORR
100437,12.98088,77.69418,Whitefield
100438,12.98845,77.73134,Whitefield
100439,12.98861,77.73128,Whitefield
100440,12.991219,77.730899,Whitefield
100441,12.99058,77.72859,Whitefield
100442,12.98982,77.72694,Whitefield
100443,12.99403,77.72676,Whitefield
100444,12.91390665,77.66449325,Koramangala
100445,12.91372,77.6536,Koramangala
100446,12.94065,77.62479,Koramangala
100447,12.915444,77.69025,ORR
100448,13.077311,77.635111,Bhartiya City
100449,13.076408,77.639051,Bhartiya City
100450,13.08303,77.63953,Bhartiya City
100451,12.92224975,77.67792043,ORR
100452,12.91446,77.635243,Koramangala
100453,12.91622,77.63015,Koramangala
100454,12.9548288,77.6414764,Indiranagar
100455,12.976714,77.6266149,Indiranagar
100456,12.99385,77.73137,Whitefield
100457,12.99232,77.72976,Whitefield
100458,12.95657009,77.70928438,Whitefield
100459,12.981133,77.693443,Whitefield
100460,12.974363,77.704528,Whitefield
100461,12.9771781,77.706744,Whitefield
100462,12.939218,77.720656,ORR
100463,12.92932762,77.6842149,ORR
100464,12.9291636,77.68502743,ORR
100465,12.92542,77.68684,ORR
100466,12.92236,77.68505,ORR
100467,12.912377,77.637721,Koramangala
100468,12.92083,77.68542,ORR
100469,12.9608105,77.6385567,Indiranagar
100470,12.91949,77.68555,ORR
100471,12.91942,77.68516,ORR
100472,12.94246601,77.69511102,ORR
100473,12.94318,77.69691,ORR
100474,12.964483,77.639679,Indiranagar
100475,12.95943714,77.65708272,Indiranagar
100476,12.973351,77.619978,Indiranagar
100477,12.97259,77.62128,Indiranagar
100478,12.97125558,77.6910271,Indiranagar
100479,12.97308989,77.62163993,Indiranagar
100480,12.96250857,77.63923589,Indiranagar
100481,12.96250857,77.63923589,Indiranagar
100482,12.956986,77.641519,Indiranagar
100482,12.980685,77.717491,Whitefield
100483,12.94036,77.68894,ORR
100484,12.978321,77.712191,Whitefield
100485,12.979161,77.714477,Whitefield
100486,12.97922,77.6657581,Indiranagar
100487,12.94304,77.69138,ORR
100488,12.92648,77.68096,ORR
100489,12.92555,77.68097,ORR
100490,12.976602,77.711249,Whitefield
100491,12.975373,77.711924,Whitefield
100492,12.979546,77.658848,Indiranagar
100493,12.979558,77.660277,Indiranagar
100494,12.9959441,77.718812,Whitefield
100495,12.95575,77.722796,Whitefield
100496,12.99568053,77.69505927,Whitefield
100497,12.99586844,77.70143712,Whitefield
100498,12.99458552,77.70365586,Whitefield
100499,12.92719,77.67978,ORR
100500,12.98977,77.725352,Whitefield
100501,12.98751418,77.73661,Whitefield
100502,12.98433551,77.74546551,Whitefield
100503,12.98270656,77.74400921,Whitefield
100504,12.98706,77.74073,Whitefield
100505,12.983185,77.752192,Whitefield
100506,12.9792544,77.6610582,Indiranagar
100507,12.9782701,77.663263,Indiranagar
100508,12.979175,77.66542,Indiranagar
100509,12.84944601,77.67928228,Electronic City
100510,12.84864711,77.67748151,Electronic City
100511,12.8449697,77.6776629,Electronic City
100512,12.858125,77.65314333,Electronic City
100513,12.8580062,77.65329067,Electronic City
100514,12.858125,77.65314333,Electronic City
100515,12.82801353,77.65523594,Electronic City
100516,12.8469843,77.6637835,Electronic City
100517,12.8514311,77.6662105,Electronic City
100518,12.85263111,77.65304491,Electronic City
100519,12.8502456,77.6648919,Electronic City
100520,12.850461,77.6653573,Electronic City
100521,12.8512997,77.6656265,Electronic City
100522,12.8497196,77.6670082,Electronic City
100523,12.8491332,77.6661773,Electronic City
100524,12.8489733,77.6651735,Electronic City
100525,12.8484186,77.665714,Electronic City
100526,12.8469843,77.6637835,Electronic City
100527,12.8459003,77.663524,Electronic City
100528,12.8476312,77.6664999,Electronic City
100529,12.99326,77.66029,Indiranagar
100530,12.99421,77.66197,Indiranagar
100531,12.989411,77.65315,Indiranagar
100532,12.8471389,77.6625061,Electronic City
100533,12.8489717,77.6669843,Electronic City
100534,12.986029,77.645186,Indiranagar
100535,13.00045,77.67757,Indiranagar
100536,12.951886,77.643031,Indiranagar
100537,12.9944645,77.6848596,Indiranagar
100538,12.9876351,77.6879291,Indiranagar
100539,12.9543889,77.6414348,Indiranagar
100540,12.95664,77.64137,Indiranagar
100541,12.95949,77.64135,Indiranagar
100542,12.96136,77.6386,Indiranagar
100543,12.97478241,77.75065059,Whitefield
100544,12.9693692,77.7497723,Whitefield
100545,12.8489547,77.6676324,Electronic City
100546,12.8481189,77.6683067,Electronic City
100547,12.84088945,77.64407091,Electronic City
100548,12.8485705,77.6682347,Electronic City
100549,12.84143176,77.64817066,Electronic City
100550,12.84143176,77.64817,Electronic City
100551,12.86642784,77.65201058,Electronic City
100552,12.85947809,77.64762081,Electronic City
100553,12.85947809,77.64762081,Electronic City
100554,12.86659336,77.64235687,Electronic City
100555,12.85503957,77.67573548,Electronic City
100556,12.84001894,77.6500167,Electronic City
100557,12.847028,77.643611,Electronic City
100558,12.86349558,77.65617203,Electronic City
100559,12.85204175,77.67910492,Electronic City
100560,12.85302924,77.67873578,Electronic City
100561,12.86467772,77.64678933,Electronic City
100562,12.86532567,77.65665516,Electronic City
100563,12.86532567,77.65665516,Electronic City
100564,12.8454986,77.64661117,Electronic City
100565,12.8476918,77.6712855,Electronic City
100566,12.84765333,77.67063167,Electronic City
100567,12.84028131,77.6628918,Electronic City
100568,12.84911315,77.66224099,Electronic City
100569,12.92368,77.65162,Koramangala
100570,12.89953473,77.65083779,Koramangala
100571,12.908804,77.64304832,Koramangala
100572,12.920363,77.620796,Koramangala
100573,12.93631992,77.62923762,Koramangala
100574,12.94210689,77.62057107,Koramangala
100575,12.93579579,77.6141388,Koramangala
100576,12.82895412,77.64812535,Electronic City
100577,12.83211167,77.666425,Electronic City
100578,12.835205,77.6660633,Electronic City
100579,12.91984,77.689,ORR
100580,12.971646,77.7501025,Whitefield
100581,12.90575067,77.64478505,Koramangala
100582,12.960398,77.642467,Indiranagar
100583,12.960477,77.643671,Indiranagar
100584,12.960839,77.645695,Indiranagar
100585,12.96329272,77.63957553,Indiranagar
100586,12.96386,77.64078,Indiranagar
100587,12.964505,77.641497,Indiranagar
100588,12.963717,77.642295,Indiranagar
100589,12.9666,77.63736,Indiranagar
100590,12.966196,77.641563,Indiranagar
100591,12.96878,77.64123,Indiranagar
100592,12.970174,77.638836,Indiranagar
100593,12.970289,77.642152,Indiranagar
100594,12.9708416,77.6443167,Indiranagar
100595,12.969611,77.645645,Indiranagar
100596,12.97243,77.63869,Indiranagar
100597,12.91973,77.69104,ORR
100598,12.9195,77.69441,ORR
100599,12.92224,77.68874,ORR
100600,12.91930697,77.68554543,ORR
100601,12.93011,77.68774,ORR
100602,12.92321246,77.66949782,ORR
100603,12.93583,77.6908,ORR
100604,12.936222,77.691495,ORR
100605,12.923348,77.670201,ORR
100606,12.93349605,77.69501133,ORR
100607,12.920558,77.691748,ORR
100608,12.93941,77.69633,ORR
100609,12.94208,77.69712,ORR
100610,12.911169,77.711253,ORR
100611,12.92960307,77.68341067,ORR
100612,12.93553124,77.69512485,ORR
100613,12.835205,77.6660633,Electronic City
100614,12.928665,77.682915,ORR
100615,12.8342971,77.6642552,Electronic City
100616,12.8301912,77.6647875,Electronic City
100617,12.9830206,77.6928261,Whitefield
100618,12.91743014,77.64314957,Koramangala
100619,12.90709253,77.64528461,Koramangala
100620,12.93625914,77.61949785,Koramangala
100621,12.91178867,77.63623483,Koramangala
100622,12.90794255,77.63547108,Koramangala
100623,12.890401,77.668243,Koramangala
100624,12.97201,77.64327,Indiranagar
100625,12.975018,77.640937,Indiranagar
100626,12.97421,77.64123,Indiranagar
100627,12.97567,77.64463,Indiranagar
100628,12.9741,77.64463,Indiranagar
100629,12.8427634,77.6441422,Electronic City
100630,12.90877099,77.66445536,Koramangala
100631,12.93919807,77.62989912,Koramangala
100632,12.91333,77.61608,Koramangala
100633,12.91387,77.60923,Koramangala
100634,12.91644,77.6094,Koramangala
100635,12.91661,77.61045,Koramangala
100636,12.91661,77.61045,Koramangala
100637,12.91397,77.61051,Koramangala
100638,12.91492,77.60957,Koramangala
100639,12.976034,77.640052,Indiranagar
100640,12.84824178,77.64662772,Electronic City
100641,12.93749048,77.70655262,ORR
100642,12.9682501,77.7016674,Whitefield
100643,12.9602753,77.7012925,Whitefield
100644,12.9603802,77.7014903,Whitefield
100645,12.97850984,77.69428743,Whitefield
100646,12.90724117,77.70556858,ORR
100647,12.92648,77.68139,ORR
100648,12.9476317,77.6991061,ORR
100649,12.932591,77.705175,ORR
100650,12.952727,77.720719,ORR
100651,12.950101,77.717582,ORR
100652,12.92797412,77.68106337,ORR
100653,12.92380206,77.67223712,ORR
100654,12.91611,77.61976,Koramangala
100655,12.91026,77.61002,Koramangala
100656,12.91872,77.61018,Koramangala
100657,12.91715,77.61054,Koramangala
100658,12.91642,77.61545,Koramangala
100659,12.92148,77.6213,Koramangala
100660,12.91716,77.62255,Koramangala
100661,12.91655,77.62083,Koramangala
100662,12.91661,77.60501,Koramangala
100663,12.92141,77.62063,Koramangala
100664,12.91913,77.60012,Koramangala
100665,12.92036,77.62079,Koramangala
100666,12.92331,77.60022,Koramangala
100667,12.9335,77.60099,Koramangala
100668,12.9333,77.60113,Koramangala
100669,12.93671,77.60502,Koramangala
100670,12.93648,77.60568,Koramangala
100671,12.92633,77.61715,Koramangala
100672,12.91591,77.6118,Koramangala
100673,12.9173,77.61009,Koramangala
100674,12.9195,77.61487,Koramangala
100675,12.92638,77.60975,Koramangala
100676,12.93564,77.60151,Koramangala
100677,12.9125,77.59998,Koramangala
100678,12.91165,77.60636,Koramangala
100679,12.91587,77.60604,Koramangala
100680,12.90727,77.60062,Koramangala
100681,12.91636,77.6191,Koramangala
100682,12.91438932,77.61013594,Koramangala
100683,12.92532633,77.61263983,Koramangala
100684,12.91393482,77.60641654,Koramangala
100685,12.91969346,77.61238756,Koramangala
100686,12.9314504,77.60990862,Koramangala
100687,12.923061,77.670562,ORR
100688,12.921432,77.666392,ORR
100689,12.920926,77.666403,ORR
100690,12.9681038,77.7497518,Whitefield
100691,12.965124,77.748856,Whitefield
100692,12.9630944,77.7505601,Whitefield
100693,12.959414,77.746813,Whitefield
100694,12.91853197,77.66962182,ORR
100695,12.9172998,77.672935,ORR
100696,12.954152,77.700513,ORR
100697,12.943891,77.6978666,ORR
100698,12.9540885,77.7002766,ORR
100699,12.925599,77.665371,ORR
100700,12.923513,77.670916,ORR
100701,12.892105,77.709547,NA
100702,12.92143167,77.58581833,NA
100703,12.935165,77.691125,ORR
100704,12.933146,77.696715,ORR
100705,12.921615,77.695476,ORR
100706,12.921931,77.695991,ORR
100707,12.9277,77.58826,NA
100708,12.92785,77.68006,ORR
100709,12.92811402,77.58746054,NA
100710,12.897702,77.695014,NA
100711,12.9317195,77.6873808,ORR
100712,12.9422311,77.6967119,ORR
100713,12.92807367,77.68768165,ORR
100714,12.924599,77.674044,ORR
100715,12.923023,77.672121,ORR
100716,12.925586,77.670359,ORR
100717,12.927205,77.668749,ORR
100718,12.84026443,77.65005894,Electronic City
100719,12.85960299,77.66092134,Electronic City
100720,12.8562666,77.67620478,Electronic City
100721,12.8385574,77.65088137,Electronic City
100722,12.89917915,77.66700346,Koramangala
100723,12.91922617,77.61626747,Koramangala
100724,12.9225123,77.6130224,Koramangala
100725,12.91037,77.5997,Koramangala
100726,12.89844676,77.65044417,Koramangala
100727,12.92875157,77.62771849,Koramangala
100728,12.93706789,77.61045981,Koramangala
100729,12.93374662,77.61241347,Koramangala
100730,12.90687595,77.59884752,Koramangala
100731,12.90631433,77.64356693,Koramangala
100732,12.9768843,77.6410231,Indiranagar
100733,12.976677,77.644029,Indiranagar
100734,12.97893,77.64066,Indiranagar
100735,12.97943991,77.64098838,Indiranagar
100736,12.978614,77.642814,Indiranagar
100737,12.85054759,77.68113837,Electronic City
100738,12.85311325,77.67548192,Electronic City
100739,12.926518,77.662178,ORR
100740,12.92664947,77.67742602,ORR
100741,12.9581353,77.7461229,Whitefield
100742,12.979288,77.646284,Indiranagar
100743,12.92582312,77.67619893,ORR
100744,12.97288,77.62094,Indiranagar
100745,12.97259,77.62128,Indiranagar
100746,12.925307,77.674487,ORR
100747,12.97361,77.62781,Indiranagar
100748,12.89890721,77.65498583,Koramangala
100749,12.974727,77.620522,Indiranagar
100750,12.97489,77.62536,Indiranagar
100751,12.976273,77.6263393,Indiranagar
100752,12.85625352,77.67677207,Electronic City
100753,12.957051,77.74535,Whitefield
100754,12.90162231,77.65268426,Koramangala
100755,12.95684,77.74417,Whitefield
100756,12.95705936,77.74098866,Whitefield
100757,12.9637956,77.73973918,Whitefield
100758,12.93501,77.690823,ORR
100759,12.938026,77.697148,ORR
100760,12.8378598,77.64995098,Electronic City
100761,12.8378598,77.64995098,Electronic City
100762,12.937843,77.699706,ORR
100763,12.932681,77.6847285,ORR
100764,12.925968,77.687459,ORR
100765,12.9366153,77.695715,ORR
100766,12.9357674,77.695259,ORR
100767,12.971532,77.636035,Indiranagar
100768,12.9346066,77.6959964,ORR
100769,12.9336972,77.6967202,ORR
100770,12.97278,77.61733,CBD
100771,12.984214,77.591079,CBD
100772,12.975508,77.614205,CBD
100773,12.977483,77.619257,CBD
100774,12.983797,77.586218,CBD
100775,12.97555,77.59987,CBD
100776,12.97369,77.59527,CBD
100777,12.98263,77.587366,CBD
100778,12.98807,77.58066,CBD
100779,12.98391,77.579911,CBD
100780,12.98632,77.589101,CBD
100781,12.96788,77.587047,CBD
100782,12.96227,77.593401,CBD
100783,12.96073,77.600936,CBD
100784,12.961556,77.598951,CBD
100785,12.991459,77.614573,CBD
100786,12.982838,77.613337,CBD
100787,12.98819257,77.61704175,CBD
100788,12.99688,77.587519,CBD
100789,12.99039,77.589114,CBD
100790,12.99282,77.58879,CBD
100791,12.96349712,77.60119749,CBD
100792,12.96672,77.59869,CBD
100793,12.96954,77.60277,CBD
100794,12.96804,77.59997,CBD
100795,12.96744472,77.6070199,CBD
100796,12.96863,77.61461,CBD
100797,12.969479,77.616334,CBD
100798,12.97073,77.616846,CBD
100799,12.97249,77.61846,CBD
100800,12.97073,77.616846,CBD
100801,12.975084,77.604232,CBD
100802,12.9962443,77.58620774,CBD
100803,12.9551828,77.5920797,CBD
100804,12.95133249,77.59030396,CBD
100805,12.9525349,77.5910711,CBD
100806,12.96672,77.59869,CBD
100807,12.96744472,77.6070199,CBD
100808,12.96084327,77.74087787,Whitefield
100809,12.95652,77.73428,Whitefield
100810,12.95647,77.73245,Whitefield
100811,12.9750774,77.706774,Whitefield
100812,12.974523,77.703978,Whitefield
100813,12.96484897,77.58765932,CBD
100813,12.98197539,77.58870655,CBD
100813,12.96594018,77.61407008,CBD
100813,12.96405,77.61452,CBD
100813,12.9666662,77.57408671,CBD
100813,12.96619833,77.57428586,CBD
100813,12.95047699,77.59323669,CBD
100813,12.95172061,77.59521042,CBD
100813,12.95046423,77.59763199,CBD
100814,12.97648,77.6353,Indiranagar
100815,12.84129937,77.64760338,Electronic City
100816,12.83830209,77.65569258,Electronic City
100817,12.93859512,77.62867244,Koramangala
100818,12.97759,77.6368,Indiranagar
100819,12.95302635,77.59510967,CBD
100820,12.972538,77.7006688,Whitefield
100821,12.98003535,77.63395996,Indiranagar
100822,12.97953,77.6363,Indiranagar
100823,12.97862,77.63617,Indiranagar
100824,12.938415,77.631228,Koramangala
100825,12.927326,77.629064,Koramangala
100826,12.930408,77.629133,Koramangala
100827,12.929391,77.631825,Koramangala
100828,12.92954973,77.63325804,Koramangala
100829,12.932122,77.629504,Koramangala
100830,12.931414,77.629233,Koramangala
100831,12.932108,77.631881,Koramangala
100831,12.931141,77.632163,Koramangala
100832,12.934779,77.629491,Koramangala
100833,12.924373,77.631585,Koramangala
100834,12.924615,77.631726,Koramangala
100835,12.95692,77.70248,Whitefield
100836,12.9317915,77.6960931,ORR
100837,12.95671,77.70281,Whitefield
100838,12.97936208,77.75145114,Whitefield
100839,12.982308,77.634568,Indiranagar
100840,12.9337418,77.6950787,ORR
100841,12.933891,77.6950671,ORR
100841,12.93592,77.69193,ORR
100842,12.92708,77.62091,Koramangala
100843,12.83830209,77.65569258,Electronic City
100844,12.83770813,77.66040221,Electronic City
100845,12.97647,77.72582,Whitefield
100846,12.83898367,77.6598319,Electronic City
100847,12.8369275,77.65815753,Electronic City
100848,12.84855722,77.650357,Electronic City
100849,12.82982819,77.66587023,Electronic City
100850,12.83255359,77.65930485,Electronic City
100851,12.84128,77.6454,Electronic City
100852,12.86912244,77.65309386,Electronic City
100853,12.86723713,77.66343537,Electronic City
100854,12.85543667,77.66385421,Electronic City
100855,12.85093069,77.65840463,Electronic City
100856,12.93248405,77.6881548,ORR
100857,12.98119,77.637525,Indiranagar
100858,12.97763509,77.71443491,Whitefield
100859,12.981765,77.6373517,Indiranagar
100860,12.94987834,77.57354935,CBD
100861,12.95099523,77.57404078,CBD
100861,12.96220242,77.59613816,CBD
100862,12.96073498,77.5992706,CBD
100863,12.97711,77.71878,Whitefield
100864,12.95192,77.64356,Indiranagar
100865,12.92696,77.62254,Koramangala
100866,12.92778,77.62391,Koramangala
100867,12.92768,77.6267,Koramangala
100868,12.92552,77.6777,ORR
100869,12.97708,77.71007,Whitefield
100870,12.955892,77.724772,Whitefield
100871,12.9618692,77.7476471,Whitefield
100872,12.98154,77.71094,Whitefield
100873,12.97273,77.71507,Whitefield
100874,12.971788,77.712075,Whitefield
100875,12.97124,77.71257,Whitefield
100876,12.97049,77.70703,Whitefield
100877,12.84878277,77.65790138,Electronic City
100878,12.84369,77.66022833,Electronic City
100879,12.83824333,77.65867667,Electronic City
100880,12.93064,77.62273,Koramangala
100881,12.92966,77.62162,Koramangala
100882,12.93071,77.62486,Koramangala
100883,12.92383,77.67577,ORR
100884,12.92254,77.67494,ORR
100885,12.92232,77.67227,ORR
100886,12.955687,77.717701,Whitefield
100887,12.98047611,77.7219598,Whitefield
100888,12.97987,77.72751,Whitefield
100889,12.92305,77.67245,ORR
100890,12.92183,77.66531,ORR
100891,12.93046,77.62731,Koramangala
100892,12.93117,77.62254,Koramangala
100893,12.93186,77.62525,Koramangala
100894,12.93269,77.62764,Koramangala
100895,12.92542,77.66545,ORR
100898,12.93357,77.61956,Koramangala
100899,12.83640577,77.65757985,Electronic City
100900,12.9852483,77.6440384,Indiranagar
100901,12.969029,77.684507,Indiranagar
100902,12.9681901,77.684306,Indiranagar
100902,12.9500116,77.6422382,Indiranagar
100903,12.965268,77.648961,Indiranagar
100904,12.893517,77.693992,NA
100905,12.93421,77.62268,Koramangala
100906,12.93453,77.62514,Koramangala
100907,12.968724,77.647759,Indiranagar
100908,12.84012027,77.65293628,Electronic City
100909,12.84553333,77.66519333,Electronic City
100910,12.84397855,77.67128192,Electronic City
100911,12.84083486,77.66402822,Electronic City
100912,12.84287106,77.67371334,Electronic City
100913,12.84692833,77.670565,Electronic City
100914,12.84556297,77.66133428,Electronic City
100915,12.84502688,77.66008638,Electronic City
100916,12.849615,77.66337667,Electronic City
100917,12.85356303,77.66058795,Electronic City
100918,12.84191393,77.66467731,Electronic City
100919,12.84018435,77.66287085,Electronic City
100920,12.83991629,77.66408186,Electronic City
100921,12.83780423,77.66455997,Electronic City
100922,12.84322,77.66397667,Electronic City
100923,12.84250723,77.67094631,Electronic City
100924,12.85034133,77.6624551,Electronic City
100925,12.93419,77.62622,Koramangala
100926,12.92609394,77.62456801,Koramangala
100927,12.97092701,77.6475038,Indiranagar
100928,12.97121,77.64879,Indiranagar
100929,12.97003481,77.65054743,Indiranagar
100930,12.96863,77.65098,Indiranagar
100931,12.96765,77.65473,Indiranagar
100932,12.965892,77.657764,Indiranagar
100933,12.97623,77.72939,Whitefield
100934,12.925101,77.627148,Koramangala
100935,12.923019,77.665518,ORR
100936,12.966245,77.659316,Indiranagar
100937,12.96563,77.65926,Indiranagar
100938,12.96619,77.65975,Indiranagar
100939,12.9390463,77.6297419,Koramangala
100940,12.92393,77.652771,Koramangala
100941,12.92461,77.64974,Koramangala
100942,12.92419,77.65297,Koramangala
100943,12.92132,77.66323,Koramangala
100944,12.94129833,77.61591787,Koramangala
100945,12.93891916,77.61929177,Koramangala
100946,12.93735435,77.61928055,Koramangala
100947,12.92269,77.66868,ORR
100948,12.85026452,77.6576905,Electronic City
100949,12.92677,77.67125,ORR
100950,12.96644934,77.71797366,Whitefield
100951,12.96813,77.717,Whitefield
100952,12.93776186,77.62084981,Koramangala
100953,12.96873,77.66075,Indiranagar
100954,12.97148,77.66557,Indiranagar
100955,12.97088,77.66657,Indiranagar
100956,12.99139,77.70297,Whitefield
100957,12.8446052,77.65884586,Electronic City
100958,12.92789,77.67178,ORR
100959,12.84062434,77.66000323,Electronic City
100960,12.95785226,77.60207187,CBD
100961,12.97053,77.66745,Indiranagar
100962,12.971072,77.66945,Indiranagar
100963,12.98652,77.74401,Whitefield
100964,12.93937533,77.63216758,Koramangala
100965,12.95195728,77.62333901,Koramangala
100965,12.938258,77.628376,Koramangala
100965,12.94251701,77.61439615,Koramangala
100965,12.93708742,77.62720887,Koramangala
100966,12.93265436,77.63157795,Koramangala
100967,12.93147626,77.63274078,Koramangala
100968,12.90381363,77.65031885,Koramangala
100968,12.93048453,77.62202005,Koramangala
100969,12.9128789,77.6535846,Koramangala
100970,12.97087,77.67193,Indiranagar
100971,12.97501,77.66483,Indiranagar
100972,12.83925009,77.65945874,Electronic City
100973,12.84333491,77.66157467,Electronic City
100974,12.84764333,77.65011,Electronic City
100975,12.84993731,77.65056722,Electronic City
100976,12.93021,77.68476,ORR
100977,12.9374499,77.6929518,ORR
100978,12.95179,77.70026,ORR
100979,12.9236358,77.6401797,Koramangala
100980,12.846815,77.64428667,Electronic City
100981,12.97391,77.66288,Indiranagar
100982,12.9714196,77.6596419,Indiranagar
100983,12.96715,77.658,Indiranagar
100984,12.96293629,77.65672031,Indiranagar
100985,12.95382,77.70007,ORR
100986,12.91646,77.63899,Koramangala
100987,12.92327,77.64592,Koramangala
100988,12.96946062,77.65327555,Indiranagar
100989,12.90933,77.66349,Koramangala
100990,12.92746195,77.68653105,ORR
100991,12.974797,77.65514,Indiranagar
100992,12.97738655,77.66577758,Indiranagar
100993,12.91930418,77.66812254,ORR
100994,12.841355,77.64847,Electronic City
100995,12.97494136,77.72717048,Whitefield
100996,12.9711151,77.7263636,Whitefield
100997,12.96976835,77.68227996,Indiranagar
100998,12.84179526,77.64608391,Electronic City
100999,12.90839,77.6635,Koramangala
101000,12.84648315,77.65878718,Electronic City
101001,12.9961045,77.668187,Indiranagar
101002,12.83982084,77.64576707,Electronic City
101003,12.96713,77.71259,Whitefield
101004,12.84020069,77.64634039,Electronic City
101005,12.83917229,77.66297176,Electronic City
101006,12.91609,77.67397,ORR
101007,12.91446,77.67638,ORR
101008,12.91275,77.68078,ORR
101009,12.91125,77.68368,ORR
101009,12.91096,77.68456,ORR
101010,12.9938961,77.6629181,Indiranagar
101011,12.990023,77.654917,Indiranagar
101012,12.9868538,77.647934,Indiranagar
101013,12.985114,77.643098,Indiranagar
101014,12.9347305,77.6131045,Koramangala
101015,12.90987833,77.68713,ORR
101016,12.93367669,77.61594292,Koramangala
101017,12.95721,77.7131,Whitefield
101018,12.95795,77.7157,Whitefield
101019,12.9375111,77.6185442,Koramangala
101020,12.959207,77.659931,Indiranagar
101021,12.83652999,77.6647028,Electronic City
101022,12.85067769,77.65371412,Electronic City
101023,12.85100424,77.6521799,Electronic City
101024,12.85013376,77.6463994,Electronic City
101025,12.90266,77.70517,ORR
101026,12.9376721,77.6241563,Koramangala
101027,12.9587612,77.6648104,Indiranagar
101028,12.958479,77.665082,Indiranagar
101029,12.9565499,77.6758987,Indiranagar
101030,12.9558376,77.6914474,Indiranagar
101031,12.944092,77.652694,Indiranagar
101032,12.980494,77.656465,Indiranagar
101033,12.99052,77.66181,Indiranagar
101033,12.9863,77.66983,Indiranagar
101034,12.958984,77.658285,Indiranagar
101035,12.95475,77.64849,Indiranagar
101036,12.96868,77.6363,Indiranagar
101037,12.9276305,77.6332963,Koramangala
101038,12.97455,77.64023,Indiranagar
101039,12.90377,77.70303,ORR
101040,12.85070286,77.64754873,Electronic City
101041,12.90924,77.68694,ORR
101042,12.82206374,77.66015511,Electronic City
101043,12.96978,77.7318,Whitefield
101044,12.972378,77.727067,Whitefield
101045,12.98049,77.63712,Indiranagar
101046,12.99756,77.68925,Whitefield
101047,12.90999,77.68582,ORR
101048,12.91038,77.68487,ORR
101049,12.9258635,77.6335296,Koramangala
101050,12.9369815,77.6230298,Koramangala
101051,12.91123,77.68274,ORR
101052,12.83883232,77.66277395,Electronic City
101053,12.956776,77.704115,Whitefield
101054,12.95575,77.72183,Whitefield
101055,12.84169229,77.66784333,Electronic City
101056,12.81977826,77.65757784,Electronic City
101057,12.84151773,77.64810897,Electronic City
101058,12.82219189,77.65783969,Electronic City
101059,12.84869333,77.65103833,Electronic City
101060,12.84321887,77.67404728,Electronic City
101061,12.83893986,77.65026446,Electronic City
101062,12.83975056,77.64997244,Electronic City
101063,12.9441192,77.6243325,Koramangala
101064,12.9560924,77.7284894,Whitefield
101065,12.9818454,77.6930147,Whitefield
101066,12.9682711,77.7014326,Whitefield
101067,12.9680992,77.7017595,Whitefield
101068,12.9826,77.75995,Whitefield
101069,12.848795,77.65016333,Electronic City
101070,12.982929,77.762397,Whitefield
101071,12.99606,77.75828,Whitefield
101072,13.0011391,77.7574383,Whitefield
101073,13.0085164,77.7584564,Whitefield
101074,13.0104072,77.7593338,Whitefield
101075,12.97918,77.64414,Indiranagar
101076,12.97932,77.64632,Indiranagar
101077,12.98243,77.64573,Indiranagar
101078,12.90316,77.661826,Koramangala
101079,12.927877,77.629014,Koramangala
101080,12.927865,77.630733,Koramangala
101081,12.9239069,77.6287243,Koramangala
101082,12.9258955,77.6285674,Koramangala
101083,12.920241,77.638123,Koramangala
101084,12.926938,77.633855,Koramangala
101085,12.93562,77.62872,Koramangala
101086,12.93407046,77.62925437,Koramangala
101087,12.91158,77.68221,ORR
101088,13.011484,77.759894,Whitefield
101089,12.91462,77.67253,ORR
101090,12.8505,77.635611,Electronic City
101091,12.92742,77.64008,Koramangala
101092,12.84027522,77.65050653,Electronic City
101093,12.91728,77.67225,ORR
101094,12.92806,77.63691,Koramangala
101095,12.931444,77.633668,Koramangala
101096,12.97793,77.65432,Indiranagar
101097,13.0129,77.76098,Whitefield
101098,12.91761,77.67175,ORR
101099,12.84573916,77.64747664,Electronic City
101100,12.83038333,77.65483667,Electronic City
101101,12.83031364,77.65501633,Electronic City
101102,12.83197922,77.65543073,Electronic City
101103,12.83222407,77.65528254,Electronic City
101104,12.83655026,77.661804,Electronic City
101105,12.83498801,77.65660487,Electronic City
101106,12.83519,77.65602,Electronic City
101107,12.93348,77.62294,Koramangala
101108,12.93405,77.6186,Koramangala
101109,12.93592,77.61564,Koramangala
101110,12.93583,77.61176,Koramangala
101110,12.9088393,77.62808125,Koramangala
101111,12.9122,77.626018,Koramangala
101112,12.909595,77.632513,Koramangala
101113,12.90835432,77.63606552,Koramangala
101114,12.91250828,77.63086472,Koramangala
101115,12.91089422,77.63133813,Koramangala
101116,12.91140501,77.63638671,Koramangala
101117,12.91391482,77.62920946,Koramangala
101118,12.9137207,77.63237145,Koramangala
101119,12.9176298,77.64301512,Koramangala
101120,12.91704714,77.64482763,Koramangala
101121,12.90913146,77.64343992,Koramangala
101122,12.91033376,77.6402273,Koramangala
101123,12.91222691,77.64464155,Koramangala
101124,12.91446612,77.63969589,Koramangala
101125,12.91384782,77.64258798,Koramangala
101126,12.91549062,77.64326926,Koramangala
101127,12.90779712,77.64045529,Koramangala
101128,12.90785921,77.6429997,Koramangala
101129,12.907658,77.644397,Koramangala
101130,12.91730833,77.65056833,Koramangala
101131,12.91676283,77.65346199,Koramangala
101132,12.920616,77.65057024,Koramangala
101133,12.91578506,77.64849555,Koramangala
101134,12.91502,77.65067167,Koramangala
101135,12.9111915,77.6523844,Koramangala
101136,12.9052431,77.6508364,Koramangala
101137,12.91962126,77.65024904,Koramangala
101138,12.91961407,77.65162535,Koramangala
101139,12.91902062,77.65158176,Koramangala
101140,12.91799646,77.652082,Koramangala
101141,12.91724713,77.65166156,Koramangala
101142,12.91583996,77.65256982,Koramangala
101143,12.9226868,77.651515,Koramangala
101144,12.9153965,77.6516948,Koramangala
101145,12.9136508,77.6518275,Koramangala
101146,12.977832,77.645805,Indiranagar
101147,12.9576,77.65396,Indiranagar
101148,12.9082494,77.651744,Koramangala
101149,12.91559,77.66769,ORR
101150,12.9031202,77.6485613,Koramangala
101151,12.9119615,77.6493941,Koramangala
101152,12.98516,77.67518,Indiranagar
101153,12.98504,77.67539,Indiranagar
101154,12.978407,77.63907,Indiranagar
101155,12.957172,77.641256,Indiranagar
101156,12.919741,77.666851,ORR
101157,13.01397,77.76118,Whitefield
101158,12.9604336,77.6416205,Indiranagar
101159,13.01612,77.76208,Whitefield
101160,13.01719,77.7619,Whitefield
101161,12.95348264,77.68923578,ORR
101162,12.94978011,77.68948115,ORR
101163,12.921832,77.668241,ORR
101164,12.93120121,77.68306922,ORR
101165,12.93035468,77.68251688,ORR
101166,12.9350615,77.7032444,ORR
101167,12.95926769,77.60174531,CBD
101168,12.8477849,77.6531648,Electronic City
101169,12.8467057,77.6529195,Electronic City
101170,12.83646952,77.66144626,Electronic City
101171,12.83629365,77.66292952,Electronic City
101172,12.84772465,77.67559357,Electronic City
101173,12.93775,77.71342,ORR
101174,13.0207201,77.7619945,Whitefield
101175,12.93656,77.71344,ORR
101176,12.98761,77.61806962,CBD
101177,12.847145,77.678105,Electronic City
101178,12.9113916,77.653124,Koramangala
101179,12.98262167,77.61535185,CBD
101180,12.98614979,77.61933189,CBD
101181,12.98092757,77.61610143,CBD
101182,12.97523414,77.61829421,CBD
101183,12.98924429,77.61786036,CBD
101184,12.96512025,77.61439833,CBD
101185,12.966525,77.641378,Indiranagar
101186,12.97605129,77.57119479,CBD
101187,12.97455718,77.57307652,CBD
101188,12.99191712,77.61083666,CBD
101189,12.99331544,77.6088547,CBD
101190,12.99524251,77.60305314,CBD
101191,12.98637522,77.62237217,CBD
101192,12.99416176,77.59801774,CBD
101193,12.98973985,77.6152655,CBD
101194,12.99109406,77.61289686,CBD
101195,12.9934905,77.6073613,CBD
101196,12.99554162,77.60108616,CBD
101197,12.99546273,77.59954187,CBD
101198,12.99552699,77.60171317,CBD
101199,12.97073,77.61685,CBD
101200,12.96322182,77.60057889,CBD
101201,12.9667708,77.598823,CBD
101202,12.97116,77.600946,CBD
101203,12.9723133,77.5986614,CBD
101204,12.9731863,77.6004847,CBD
101205,12.97567,77.5998133,CBD
101206,12.9656177,77.6027568,CBD
101207,12.9658121,77.6044872,CBD
101208,12.966099,77.606626,CBD
101209,12.968304,77.641461,Indiranagar
101210,12.9668926,77.609911,CBD
101211,12.9679048,77.6070752,CBD
101212,12.9679048,77.6070752,CBD
101213,12.9706019,77.6042254,CBD
101214,12.9703046,77.6066454,CBD
101215,12.97282,77.60342,CBD
101216,12.9066317,77.6489582,Koramangala
101217,12.9119736,77.6412368,Koramangala
101218,12.94370951,77.58190482,Jayanagar
101219,12.91202527,77.65186172,Koramangala
101220,12.9422556,77.701435,ORR
101221,12.927031,77.697384,ORR
101222,12.948664,77.713346,ORR
101223,12.84533775,77.68094894,Electronic City
101224,12.84493306,77.67898824,Electronic City
101225,12.9728344,77.6057499,CBD
101226,12.97321372,77.60963637,CBD
101227,12.97506833,77.60131833,CBD
101228,12.981272,77.642637,Indiranagar
101229,12.97623225,77.60241922,CBD
101230,12.97474439,77.60590911,CBD
101231,12.97465846,77.6065411,CBD
101232,12.9804194,77.6096443,CBD
101233,12.98076504,77.61004306,CBD
101234,12.921308,77.643977,Koramangala
101235,12.8468692,77.68007822,Electronic City
101236,12.90578727,77.70493608,ORR
101237,12.84926982,77.67747749,Electronic City
101238,12.85178875,77.67622523,Electronic City
101239,13.02159,77.76215,Whitefield
101240,13.024632,77.761472,Whitefield
101241,13.0260159,77.7612207,Whitefield
101242,13.03051,77.76121,Whitefield
101243,12.98389,77.75258,Whitefield
101244,12.97965603,77.75888886,Whitefield
101245,12.979189,77.750889,Whitefield
101246,12.984739,77.74432,Whitefield
101247,12.94176155,77.58275104,Jayanagar
101248,12.9402933,77.58288313,Jayanagar
101249,12.93948994,77.58281801,Jayanagar
101250,12.93938742,77.58059594,Jayanagar
101251,12.93932805,77.58168971,Jayanagar
101252,12.93893316,77.58278289,Jayanagar
101253,12.93711883,77.58407846,Jayanagar
101254,12.93932678,77.58411418,Jayanagar
101255,12.94065312,77.58427793,Jayanagar
101256,12.891464,77.710488,NA
101257,12.94457603,77.58536138,Jayanagar
101258,12.892902,77.707813,NA
101259,12.94996,77.62554,Koramangala
101260,12.94602552,77.58778934,Jayanagar
101261,12.94314042,77.58999256,Jayanagar
101262,12.9560817,77.7225133,Whitefield
101263,12.96653,77.71786,Whitefield
101264,12.96879,77.71328,Whitefield
101265,12.98287,77.75548,Whitefield
101266,12.98311,77.7539,Whitefield
101267,12.98741,77.73983,Whitefield
101268,12.984294,77.729132,Whitefield
101269,12.97915,77.72713,Whitefield
101270,12.97601,77.71054,Whitefield
101271,12.95757,77.71555,Whitefield
101272,12.95938,77.716,Whitefield
101273,12.95911,77.71767,Whitefield
101274,12.95992,77.74693,Whitefield
101275,12.96876,77.742788,Whitefield
101276,12.96788,77.7578,Whitefield
101277,12.9558938,77.70928509,Whitefield
101278,12.971315,77.712196,Whitefield
101279,12.94466749,77.5894535,Jayanagar
101280,12.94573411,77.58899956,Jayanagar
101281,12.93365972,77.58399682,Jayanagar
101282,12.93514,77.5841,Jayanagar
101283,12.93519275,77.58271517,Jayanagar
101284,12.93598132,77.58273857,Jayanagar
101285,12.93729289,77.58287092,Jayanagar
101286,12.93654801,77.58338626,Jayanagar
101287,12.96867458,77.61065427,CBD
101288,12.96749347,77.61103112,CBD
101289,12.96870725,77.61456091,CBD
101290,12.96963711,77.61202052,CBD
101291,12.97022978,77.61718646,CBD
101292,12.971145,77.61847,CBD
101293,12.97176167,77.61057,CBD
101294,12.977997,77.639185,Indiranagar
101295,12.97168761,77.6147889,CBD
101296,12.97303795,77.61729006,CBD
101297,12.97296966,77.61679687,CBD
101298,12.973935,77.612325,CBD
101299,12.97884203,77.58272275,CBD
101300,12.97881916,77.58318409,CBD
101301,12.97247833,77.617155,CBD
101302,12.97532725,77.60763008,CBD
101303,12.97568174,77.58662604,CBD
101304,12.96798487,77.59260636,CBD
101305,12.93813145,77.58281542,Jayanagar
101306,12.98112704,77.59676881,CBD
101307,12.97369302,77.58674037,CBD
101308,12.96633523,77.58796044,CBD
101309,12.96752,77.59397,CBD
101310,12.9427542,77.58295673,Jayanagar
101311,12.94356866,77.58326263,Jayanagar
101312,12.94233588,77.58501285,Jayanagar
101313,12.98422667,77.76394333,Whitefield
101314,12.91890635,77.67280674,ORR
101315,12.9743553,77.6977466,Whitefield
101316,12.964696,77.722284,Whitefield
101317,12.928541,77.628413,Koramangala
101318,12.9287765,77.6184107,Koramangala
101319,12.9285163,77.619351,Koramangala
101320,12.97556053,77.58768786,CBD
101321,12.97157,77.59388,CBD
101322,12.96798487,77.59260636,CBD
101323,12.98043474,77.59770356,CBD
101324,12.9792252,77.5892343,CBD
101325,12.9777733,77.5910366,CBD
101326,12.94294111,77.58533544,Jayanagar
101327,12.94355793,77.58704444,Jayanagar
101328,12.94552294,77.58711801,Jayanagar
101329,12.94623684,77.58859172,Jayanagar
101330,12.94778455,77.5920697,Jayanagar
101331,12.94666957,77.59493651,Jayanagar
101332,12.938858,77.59862136,Jayanagar
101333,12.94790143,77.59763708,Jayanagar
101334,12.94749134,77.59676387,Jayanagar
101335,12.94665826,77.59601438,Jayanagar
101336,12.94730361,77.59413522,Jayanagar
101337,12.9443299,77.5962904,Jayanagar
101338,12.94355715,77.59709484,Jayanagar
101339,12.91235,77.58186,Jayanagar
101340,12.92328486,77.59277701,Jayanagar
101341,12.90687595,77.59884752,Jayanagar
101342,12.916993,77.596798,Jayanagar
101343,12.979095,77.59137333,CBD
101344,12.979414,77.5891299,CBD
101345,12.9934787,77.662094,Indiranagar
101346,12.94472,77.58037,Jayanagar
101347,12.94096,77.5802,Jayanagar
101348,12.93527,77.58023,Jayanagar
101349,12.93231112,77.58022763,Jayanagar
101350,12.92753,77.58066,Jayanagar
101351,12.92065,77.58998,Jayanagar
101352,12.9277,77.58826,Jayanagar
101353,12.92782,77.58777,Jayanagar
101354,12.90658402,77.59777799,Jayanagar
101355,12.905066,77.59501733,Jayanagar
101356,12.92155,77.57134,Jayanagar
101357,12.91046709,77.58473374,Jayanagar
101358,12.92328486,77.59277701,Jayanagar
101359,12.90173,77.59488,Jayanagar
101360,12.89834,77.59492,Jayanagar
101361,12.90696932,77.58561719,Jayanagar
101362,12.91047,77.58368,Jayanagar
101363,12.91136,77.57422,Jayanagar
101364,12.94869702,77.59667714,Jayanagar
101365,12.92006275,77.57632401,Jayanagar
101366,12.92006275,77.57632401,Jayanagar
101367,12.89843,77.58595,Jayanagar
101368,12.94596001,77.58020416,Jayanagar
101369,12.94638381,77.57992387,Jayanagar
101370,12.93831797,77.57990442,Jayanagar
101371,12.93859715,77.58022696,Jayanagar
101372,12.92959595,77.58041102,Jayanagar
101373,12.92977993,77.57993996,Jayanagar
101374,12.92069541,77.58047372,Jayanagar
101375,12.9217042,77.57996209,Jayanagar
101376,12.92069541,77.58047372,Jayanagar
101377,12.9159429,77.57399317,Jayanagar
101378,12.91610565,77.5734356,Jayanagar
101379,12.90727456,77.57336922,Jayanagar
101380,12.90760006,77.57288039,Jayanagar
101381,12.89549199,77.56986894,Jayanagar
101382,12.8958917,77.56971672,Jayanagar
101383,12.92169,77.58998,Jayanagar
101384,12.92169,77.58998,Jayanagar
101385,12.94361883,77.58050757,Jayanagar
101386,12.97346627,77.59067148,CBD
101387,12.956481,77.592499,CBD
101388,12.983197,77.614337,CBD
101389,12.96904,77.60206,CBD
101390,12.96752,77.59397,CBD
101391,12.97062,77.59243,CBD
101392,12.9791,77.59229,CBD
101393,12.97968,77.59282,CBD
101394,12.982333,77.593601,CBD
101395,12.98475,77.5927,CBD
101396,12.98941,77.59311,CBD
101397,12.964561,77.60257,CBD
101398,12.9658,77.60316,CBD
101399,12.965815,77.609217,CBD
101400,12.96948,77.60266,CBD
101401,12.97061,77.6044,CBD
101402,12.99903763,77.60032758,NA
101403,12.97051,77.60671,CBD
101404,12.9905487,77.6553689,Indiranagar
101405,12.9728,77.60561,CBD
101406,12.97159,77.60657,CBD
101407,12.97541,77.60156,CBD
101408,12.97489,77.6054,CBD
101409,12.977019,77.608886,CBD
101410,12.96859,77.61054,CBD
101411,12.967315,77.611084,CBD
101412,12.99903763,77.60032758,NA
101413,12.96962,77.612,CBD
101414,12.95538374,77.63710655,Indiranagar